Actor,Categoria,Interes_Nivel,Influencia_Nivel,Cuadrante,Involucramiento,Estrategia
Instituto Geográfico Agustín Codazzi - IGAC,Público nacional,5,4,D - Mucho interés / Mucha influencia,"Aportar cartografía básica, información catastral, límites territoriales, suelos y datos prediales.",Intercambio formal de información y validación cartográfica.
Unidad de Planificación Rural Agropecuaria - UPRA,Público nacional,4,3,B - Mucho interés / Poca influencia,"Aportar información sobre aptitud de tierras, frontera agrícola y ordenamiento productivo y social de la propiedad rural.",Integración de capas de aptitud y mesas técnicas rurales.
Unidad Nacional para la Gestión del Riesgo de Desastres - UNGRD,Público nacional,3,3,A - Poco interés / Poca influencia,Aportar lineamientos técnicos para incorporar la gestión del riesgo de desastres en el EOT.,Coordinación técnica con CMGRD y gestión del riesgo departamental.
Superintendencia de Notariado y Registro - SNR,Público nacional,2,2,A - Poco interés / Poca influencia,Aportar información jurídica sobre la propiedad inmueble y su articulación con el catastro multipropósito.,Consulta puntual de información registral.
Instituto Colombiano de Antropología e Historia - ICANH,Público nacional,4,3,B - Mucho interés / Poca influencia,Aportar información y criterios para la identificación y protección del patrimonio arqueológico.,Consulta temprana de áreas de interés y restricciones arqueológicas.
Ministerio de Ambiente y Desarrollo Sostenible,Público nacional,4,4,D - Mucho interés / Mucha influencia,"Aportar políticas y lineamientos sobre conservación, ecosistemas estratégicos, recurso hídrico y determinantes ambientales.",Consulta técnica focalizada y articulación con CAR.
DANE,Público nacional,4,3,B - Mucho interés / Poca influencia,"Aportar información demográfica, de hogares, vivienda y marco geoestadístico oficial.",Consulta de bases oficiales y metadatos.
Ministerio de Agricultura y Desarrollo Rural,Público nacional,3,3,A - Poco interés / Poca influencia,"Aportar lineamientos para desarrollo rural, actividad agropecuaria y uso productivo sostenible del suelo.",Consulta sectorial y articulación con UPRA y productores.
IDEAM,Público nacional,4,3,B - Mucho interés / Poca influencia,"Aportar series climáticas, hidrológicas y ambientales necesarias para la línea base.",Solicitud de series históricas y coordinación de información con CAR.
ANLA,Público nacional,2,3,A - Poco interés / Poca influencia,Identificar proyectos licenciados ambientalmente con posible incidencia sobre el territorio municipal.,Consulta puntual de expedientes y proyectos.
Departamento Nacional de Planeación - DNP,Público nacional,3,4,C - Poco interés / Mucha influencia,"Aportar lineamientos de planeación territorial, inversión y desarrollo regional.",Solicitud de información y articulación de proyectos estratégicos.
Procuraduría General de la Nación,Público / control nacional,2,3,A - Poco interés / Poca influencia,Ejercer vigilancia preventiva sobre la legalidad y el cumplimiento del proceso de ordenamiento.,"Mantener trazabilidad, transparencia y disponibilidad documental."
Contraloría General de la República,Público / control nacional,2,3,A - Poco interés / Poca influencia,"Ejercer control fiscal sobre el uso de recursos públicos asociados a estudios, inversiones y ejecución del EOT.","Garantizar soportes, trazabilidad financiera y acceso a información de control."
"Ministerio de Vivienda, Ciudad y Territorio",Público nacional,5,5,D - Mucho interés / Mucha influencia,"Orientar técnicamente la formulación, revisión y adopción del EOT y aportar lineamientos de desarrollo territorial y hábitat.",Coordinación institucional y consulta técnica permanente.
Ministerio del Interior,Público nacional,3,3,A - Poco interés / Poca influencia,"Aportar lineamientos de participación ciudadana, gobernanza territorial y relacionamiento con comunidades.",Articulación institucional en participación y enfoque diferencial.
Policía Ambiental,Público nacional,3,2,A - Poco interés / Poca influencia,Aportar información sobre infracciones y conflictos ambientales y apoyar el cumplimiento de normas de protección de recursos naturales.,Consulta focalizada y articulación con autoridad ambiental y municipio.
Bomberos,Público / respuesta a emergencias nacional,4,2,B - Mucho interés / Poca influencia,Aportar experiencia en prevención y atención de incendios y otras emergencias con incidencia territorial.,Consulta de registros y articulación con gestión del riesgo.
Agencia Nacional de Tierras - ANT,Público nacional,3,3,A - Poco interés / Poca influencia,"Aportar información sobre formalización, acceso a tierra y ordenamiento social de la propiedad rural.",Consulta institucional sobre tenencia y formalización.
Registraduría Nacional del Estado Civil,Público nacional,1,2,A - Poco interés / Poca influencia,Aportar información institucional útil para mecanismos de participación y caracterización electoral cuando sea requerida.,Consulta puntual según necesidades de participación.
Servicio Geológico Colombiano - SGC,Público nacional,4,3,B - Mucho interés / Poca influencia,"Aportar cartografía geológica, geomorfológica, sísmica y de movimientos en masa.",Consulta de productos geocientíficos y validación técnica.
Defensa Civil Colombiana,Público / respuesta a emergencias nacional,3,2,A - Poco interés / Poca influencia,"Aportar conocimiento sobre emergencias, capacitación comunitaria y preparación para respuesta.",Articulación con CMGRD y consulta de antecedentes.
Ministerio de Minas y Energía,Público nacional,2,2,A - Poco interés / Poca influencia,Aportar información relacionada con recursos minero-energéticos e infraestructura sectorial.,Consulta puntual de información territorial relevante.
"Ministerio de las Culturas, las Artes y los Saberes",Público nacional,3,3,A - Poco interés / Poca influencia,"Aportar lineamientos para la protección del patrimonio histórico, cultural y arquitectónico.",Articulación técnica en patrimonio y centro histórico.
Enel Colombia,Privado nacional,3,3,A - Poco interés / Poca influencia,Aportar información sobre infraestructura energética y su incidencia territorial y ambiental.,Consulta técnica focalizada.
Grupo Energía Bogotá - GEB,Privado nacional,4,4,D - Mucho interés / Mucha influencia,"Aportar información técnica, ambiental y predial asociada al Embalse de Tominé y su infraestructura.",Mesa técnica bilateral e intercambio de información.
Enlaza,Privado nacional,3,2,A - Poco interés / Poca influencia,Aportar información operativa y ambiental de infraestructura administrada para el GEB.,Entrevista técnica coordinada con GEB.
CAMACOL - Cámara Colombiana de la Construcción,Gremial privado nacional,3,3,A - Poco interés / Poca influencia,"Aportar visión del sector constructor sobre vivienda, desarrollo inmobiliario y regulación del suelo.",Consulta sectorial con trazabilidad de intereses.
"Asobancaria y Fondos de Inversión Inmobiliaria (PEI, fiducias)",Privado / financiero nacional,2,3,A - Poco interés / Poca influencia,Aportar perspectiva financiera sobre inversiones inmobiliarias y proyectos con incidencia territorial.,Consulta sectorial y registro de intereses de inversión.
COTELCO - Asociación Hotelera y Turística de Colombia,Gremial turístico nacional,3,2,A - Poco interés / Poca influencia,Aportar información del sector de alojamiento y turismo y sus requerimientos territoriales y de servicios.,Mesa sectorial de turismo.
ANDI - Asociación Nacional de Empresarios de Colombia,Gremial empresarial nacional,2,3,A - Poco interés / Poca influencia,"Aportar perspectiva empresarial sobre condiciones de inversión, infraestructura y regulación territorial.",Consulta gremial cuando existan proyectos o intereses con incidencia municipal.
Sector bancario,Privado / financiero nacional,2,3,A - Poco interés / Poca influencia,"Aportar perspectiva sobre financiación de proyectos de vivienda, turismo e inversión inmobiliaria.",Consulta puntual sobre tendencias de inversión y financiación.
Cruz Roja Colombiana,Humanitario nacional,3,2,A - Poco interés / Poca influencia,"Aportar experiencia en preparación, prevención y respuesta ante emergencias y atención humanitaria.",Articulación con actores de gestión del riesgo.
Universidad de América,Académico nacional,2,1,A - Poco interés / Poca influencia,"Aportar conocimientos en arquitectura, urbanismo y planificación territorial.",Consulta especializada cuando sea necesaria.
Universidad Nacional de Colombia,Académico nacional,2,2,A - Poco interés / Poca influencia,"Aportar investigación interdisciplinaria sobre ambiente, territorio, urbanismo y geografía.",Consulta académica y revisión de estudios existentes.
Universidad de La Salle,Académico nacional,2,1,A - Poco interés / Poca influencia,"Aportar conocimiento sobre desarrollo rural, ambiente y relaciones urbano-rurales.",Consulta documental y académica.
Confederación Comunal Nacional - CCN,Comunitario nacional,3,2,A - Poco interés / Poca influencia,"Aportar perspectiva del movimiento comunal sobre vivienda rural, infraestructura veredal y participación.",Articulación con ASOJUNTAS y JAC locales.
Consejo Nacional de Planeación,Participación ciudadana nacional,2,3,A - Poco interés / Poca influencia,Aportar referentes de participación social y articulación entre planeación del desarrollo y ordenamiento territorial.,Consulta institucional como referente de participación.
CAR Cundinamarca,Público regional,5,5,D - Mucho interés / Mucha influencia,"Aportar determinantes ambientales, cartografía, información hídrica y realizar la concertación ambiental del EOT.",Mesa técnica permanente desde el inicio del proceso.
Gobernación de Cundinamarca,Público regional,4,4,D - Mucho interés / Mucha influencia,"Articular políticas, inversiones y proyectos departamentales con el ordenamiento municipal.",Mesas de coordinación interinstitucional.
Agencia Catastral de Cundinamarca,Público regional,4,4,D - Mucho interés / Mucha influencia,Aportar información predial y catastral actualizada.,Intercambio de bases geográficas y prediales.
Secretaría de Planeación de Cundinamarca - Dirección de Desarrollo Territorial,Público regional,5,4,D - Mucho interés / Mucha influencia,Brindar asistencia técnica y articular el EOT con la planificación departamental.,Acompañamiento técnico periódico.
Instituto de Caminos y Construcciones de Cundinamarca - ICCU,Público regional,3,3,A - Poco interés / Poca influencia,"Aportar información sobre vías secundarias, terciarias y proyectos de infraestructura.",Solicitar inventario vial y proyectos programados.
Secretaría de Movilidad de Cundinamarca,Público regional,3,3,A - Poco interés / Poca influencia,"Aportar información sobre transporte, movilidad y conectividad intermunicipal.",Mesa de movilidad y recopilación de rutas y flujos.
Secretaría de Ambiente de Cundinamarca,Público regional,3,3,A - Poco interés / Poca influencia,Aportar programas ambientales departamentales y acciones de conservación.,Mesa ambiental con CAR y administración municipal.
Unidad Administrativa Especial para la Gestión del Riesgo de Cundinamarca,Público regional,4,4,D - Mucho interés / Mucha influencia,"Aportar registros de emergencias, amenazas y estudios de riesgo.",Mesa técnica con CMGRD y consolidación histórica de eventos.
Corpoguavio,Público regional,2,1,A - Poco interés / Poca influencia,Apoyar la comprensión de relaciones hídricas y ambientales regionales hacia la cuenca del Guavio.,Consulta interinstitucional puntual; la autoridad ambiental municipal sigue siendo CAR.
Fundación Grupo Energía de Bogotá - FEEB,Privado / fundación regional,3,2,A - Poco interés / Poca influencia,Aportar antecedentes de iniciativas territoriales y ambientales asociadas al Embalse de Tominé.,"Consulta de proyectos, estudios y propuestas previas."
Fedegán / Fundagán,Gremial agropecuario regional,3,2,A - Poco interés / Poca influencia,"Aportar información sobre ganadería, asociatividad y producción pecuaria con presencia regional.",Mesa agropecuaria con productores locales.
FENALCO - Federación Nacional de Comerciantes,Gremial comercial regional,3,2,A - Poco interés / Poca influencia,Aportar información sobre actividad comercial y corredores económicos regionales.,Consulta con comerciantes y empresarios.
Concesiones viales y empresas de transporte regional,Privado / transporte regional,4,3,B - Mucho interés / Poca influencia,"Aportar información sobre infraestructura vial concesionada, rutas, frecuencias y conectividad intermunicipal.",Mesa de movilidad y entrevistas a operadores.
"Operadores de infraestructura de telecomunicaciones (Claro, Movistar, Tigo, ATC Colombia)",Privado / telecomunicaciones regional,3,3,A - Poco interés / Poca influencia,"Aportar información sobre cobertura digital, redes, torres y necesidades de expansión.",Solicitud de mapas de cobertura e infraestructura.
Cámara de Comercio de Bogotá,Gremial / privado regional,4,3,B - Mucho interés / Poca influencia,Aportar información empresarial y caracterización económica de Guatavita.,Solicitud de registros agregados y mesa económica.
Universidad de Cundinamarca - UDEC,Académico regional,3,2,A - Poco interés / Poca influencia,"Aportar estudios e investigación territorial, ambiental y de relaciones urbano-rurales.",Consulta de investigaciones y participación técnica.
Universidad Militar Nueva Granada - UMNG,Académico regional,2,2,A - Poco interés / Poca influencia,"Aportar conocimientos sobre ingeniería, ambiente, infraestructura y análisis territorial.",Consulta técnica puntual.
IDACO - Instituto Departamental de Acción Comunal y Participación Ciudadana,Público regional / participación comunitaria,4,3,B - Mucho interés / Poca influencia,Articular la participación comunal departamental y apoyar convocatorias con impacto veredal.,Coordinación con ASOJUNTAS y JAC para convocatoria y participación.
Asojuntas de la provincia de Almeidas / Federación de Asojuntas de Cundinamarca,Comunitario regional,4,2,B - Mucho interés / Poca influencia,"Canalizar necesidades regionales sobre vías terciarias, acueductos y proyectos productivos.",Articulación con ASOJUNTAS Guatavita y mesas veredales.
Alcaldía Municipal de Guatavita,Público local,5,5,D - Mucho interés / Mucha influencia,Liderar administrativa y políticamente el proceso de EOT y convocar a los actores.,Participación permanente y dirección del proceso.
Secretaría de Planeación e Infraestructura de Guatavita,Público local,5,5,D - Mucho interés / Mucha influencia,"Coordinar técnicamente el EOT, recopilar información y consolidar cartografía y documentos.",Secretaría técnica permanente del proceso.
"Secretaría de Desarrollo Económico, Ambiental y Sostenible de Guatavita",Público local,5,4,D - Mucho interés / Mucha influencia,"Aportar información ambiental, rural, productiva y agropecuaria.",Mesa rural y ambiental con participación veredal.
"Oficina/Secretaría de Cultura, Turismo, Recreación y Deporte de Guatavita",Público local,4,3,B - Mucho interés / Poca influencia,"Aportar información sobre patrimonio, turismo, equipamientos y actividades recreativas.",Mesa de patrimonio y turismo.
Consejo Municipal de Gestión del Riesgo de Desastres - CMGRD,Público local,5,4,D - Mucho interés / Mucha influencia,"Aportar conocimiento local de amenazas, emergencias y capacidad institucional.",Taller técnico para georreferenciar eventos y puntos críticos.
Secretaría de Hacienda Municipal,Público local,4,4,D - Mucho interés / Mucha influencia,"Aportar información fiscal, predial y de capacidad financiera municipal.",Mesa financiera e intercambio de información predial.
Personería Municipal,Público local,3,2,A - Poco interés / Poca influencia,Proteger derechos ciudadanos y vigilar participación y actuación administrativa.,Incluir en espacios participativos y canales de observaciones.
Veeduría Ciudadana Guatavita,Control social local,4,2,B - Mucho interés / Poca influencia,Ejercer vigilancia ciudadana sobre transparencia y desarrollo del proceso.,Acceso a información y espacios de seguimiento.
Concejo Municipal de Guatavita,Público local,4,5,D - Mucho interés / Mucha influencia,Aportar visión político-territorial y posteriormente adoptar el EOT mediante acuerdo.,Socialización temprana e información periódica.
EMSERGUATAVITA S.A. E.S.P.,Público / servicios local,5,4,D - Mucho interés / Mucha influencia,"Aportar redes, cobertura, capacidad y déficit de acueducto, alcantarillado y aseo.",Mesa técnica de servicios públicos y entrega de cartografía.
Cooperativa de Productores Lecheros de Guatavita - COPROLEG,Privado / productivo local,5,3,B - Mucho interés / Poca influencia,"Aportar información sobre producción y comercialización lechera y necesidades de suelo, vías y agua.",Mesa productiva y talleres veredales.
Club Marina Guatavita,Privado / turístico local,4,2,B - Mucho interés / Poca influencia,"Aportar información sobre actividades náuticas, alojamiento, recreación y ocupación del borde del embalse.",Mesa específica del borde del Embalse de Tominé.
Club Náutico El Portillo,Privado / turístico local,4,2,B - Mucho interés / Poca influencia,"Aportar información sobre navegación, deportes náuticos y uso recreativo del Embalse de Tominé.",Mesa específica del borde del Embalse de Tominé.
Club Naval Antares,Privado / turístico local,4,2,B - Mucho interés / Poca influencia,"Aportar información sobre alojamiento, actividades acuáticas y ocupación del suelo rural recreativo.",Mesa específica del borde del Embalse de Tominé.
Gremios del Centro Histórico,Privado / gremial local,5,2,B - Mucho interés / Poca influencia,"Aportar información sobre comercio, restaurantes, artesanías, turismo, movilidad y uso del espacio público.",Taller específico del casco urbano y centro histórico.
Constructoras privadas,Privado local,4,3,B - Mucho interés / Poca influencia,"Identificar proyectos, presiones de urbanización, parcelación y vivienda campestre.",Registro de intereses y participación con reglas transparentes.
Asociaciones Administradoras de Acueductos Veredales y Comunitarios,Comunitario / servicios local,5,3,B - Mucho interés / Poca influencia,"Aportar información sobre captaciones, redes, continuidad, cobertura y conflictos por agua.",Mesa hídrica rural y georreferenciación de sistemas.
Cooperativa Colega,Privado / productivo local,5,3,B - Mucho interés / Poca influencia,Aportar información sobre producción lechera y necesidades territoriales en Monquentiva.,Mesa productiva y talleres veredales.
COPROLEC,Privado / productivo local,5,3,B - Mucho interés / Poca influencia,Aportar información sobre producción lechera y necesidades territoriales en Guandita.,Mesa productiva y talleres veredales.
PROLEHAG,Privado / productivo local,5,3,B - Mucho interés / Poca influencia,Aportar información sobre producción lechera y necesidades territoriales en Hatillo.,Mesa productiva y talleres veredales.
ASOLEGA,Privado / productivo local,5,3,B - Mucho interés / Poca influencia,Aportar información agregada de las cooperativas lecheras y sus necesidades de infraestructura y producción.,Mesa productiva municipal.
SENA - Centro de Desarrollo Agroempresarial de Chía,Académico / técnico local,4,2,B - Mucho interés / Poca influencia,"Aportar conocimiento sobre desarrollo rural, turismo y actividades productivas.",Mesa técnica y apoyo en caracterización productiva.
Instituciones Educativas de Guatavita,Académico / comunitario local,4,2,B - Mucho interés / Poca influencia,"Aportar percepción territorial, memoria local, educación ambiental y reconocimiento de problemáticas.",Talleres escolares y cartografía social.
Institución Educativa Guatavita Tua,Académico / comunitario local,4,2,B - Mucho interés / Poca influencia,"Aportar levantamiento de información, encuestas, diagnóstico territorial y cartografía participativa.",Talleres con estudiantes y docentes.
ASOJUNTAS Guatavita,Comunitario local,5,3,B - Mucho interés / Poca influencia,Articular a las JAC urbanas y veredales y canalizar necesidades territoriales.,Mesa comunitaria permanente.
Juntas de Acción Comunal veredales,Comunitario rural,5,3,B - Mucho interés / Poca influencia,"Aportar conocimiento detallado de vías, servicios, agua, equipamientos y conflictos veredales.",Talleres por vereda y cartografía social.
JAC Zona Urbana / Zona Histórica de Guatavita,Comunitario urbano,5,3,B - Mucho interés / Poca influencia,"Aportar información sobre patrimonio, movilidad, espacio público y necesidades de residentes urbanos.",Taller urbano y recorridos participativos.
Junta de Vivienda Comunitaria - JVC Villas del Milenio y similares,Comunitario local,5,2,B - Mucho interés / Poca influencia,"Aportar información sobre vivienda, servicios y necesidades habitacionales.",Taller específico de hábitat y vivienda.
Consejo Territorial de Planeación de Guatavita,Participación ciudadana local,5,4,D - Mucho interés / Mucha influencia,Representar sectores sociales y participar formalmente en la discusión y concepto del EOT.,Involucramiento temprano y sesiones periódicas de retroalimentación.
Asociaciones de productores agropecuarios y cooperativas lecheras veredales,Comunitario / gremial rural,5,3,B - Mucho interés / Poca influencia,Aportar conocimiento de actividades agrícolas y ganaderas y conflictos de uso del suelo.,Mesas productivas por vereda.
Asociaciones de turismo comunitario y guías locales de la Laguna de Guatavita,Comunitario / turístico local,5,2,B - Mucho interés / Poca influencia,"Aportar rutas, atractivos, problemáticas e impactos de la actividad turística.",Mapeo participativo y mesa de turismo comunitario.
Cuerpo de Bomberos con atención directa en Guatavita,Gestión del riesgo local,4,2,B - Mucho interés / Poca influencia,Aportar registros locales de incendios y emergencias y capacidad operativa de respuesta.,Entrevista técnica y georreferenciación de eventos.
Propietarios de predios rurales y del borde del Embalse de Tominé,Privado / local,5,3,B - Mucho interés / Poca influencia,"Aportar información sobre ocupación, usos actuales y conflictos asociados al suelo rural y al borde del embalse.",Mesas territoriales por sectores y manejo explícito de conflictos de interés.
Población campesina y pequeños productores no asociados,Grupo social rural,5,1,B - Mucho interés / Poca influencia,"Aportar experiencia directa sobre tierra, producción, vías, agua y servicios rurales.",Convocatorias veredales directas y metodologías participativas accesibles.
Mujeres rurales y cuidadoras,Grupo vulnerable / enfoque diferencial,5,1,B - Mucho interés / Poca influencia,"Aportar necesidades diferenciadas de movilidad, seguridad, cuidado, acceso al agua y servicios.",Espacios específicos y horarios compatibles con labores de cuidado.
Personas mayores,Grupo vulnerable / enfoque diferencial,4,1,B - Mucho interés / Poca influencia,"Aportar necesidades de accesibilidad, salud, movilidad y permanencia en el territorio.",Talleres accesibles en cabecera y veredas.
"Niños, adolescentes y jóvenes",Grupo vulnerable / enfoque diferencial,4,1,B - Mucho interés / Poca influencia,"Aportar percepción del espacio público, movilidad, ambiente y visión futura del municipio.",Talleres pedagógicos mediante instituciones educativas.
Personas con discapacidad y cuidadores,Grupo vulnerable / enfoque diferencial,5,1,B - Mucho interés / Poca influencia,"Identificar barreras de accesibilidad en espacio público, movilidad y equipamientos.","Espacios accesibles, ajustes razonables y recorridos participativos."
Hogares de bajos ingresos y población con déficit habitacional,Grupo vulnerable / enfoque diferencial,5,1,B - Mucho interés / Poca influencia,"Aportar información sobre vivienda, servicios, movilidad y necesidades de suelo residencial.",Talleres de hábitat y focalización territorial.
Comerciantes informales y artesanos,Grupo social / económico local,5,1,B - Mucho interés / Poca influencia,"Aportar información sobre economía popular, turismo y ocupación del espacio público.",Mesa específica en el centro histórico y mapeo de actividades.
