CARÁCTER,A QUIÉN VA DIRIGIDO,ACTORES QUE HACEN PARTE,SESIÓN,OBJETIVO,ESTRATEGIA,QUÉ LA COMPONE,ASPECTOS A TRATAR,CRONOGRAMA,DURACIÓN,RESPONSABLE,APOYO,RESULTADO ESPERADO,PRODUCTO,CONVOCADOS,META ASISTENCIA,PRESUPUESTO,FUENTE,Presupuesto_Num
Nacional,Entidades nacionales con competencias e información relevante para ordenamiento territorial.,MinVivienda; MinAmbiente; DNP; IGAC; DANE; IDEAM; SGC; UPRA; ANT; UNGRD; MinAgricultura; ICANH; MinCulturas; MinInterior; ANLA.,Articulación técnico-institucional y definición del alcance del EOT,"Instalar formalmente la articulación interinstitucional, clarificar competencias y acordar el flujo de información para el EOT.",Mesa interinstitucional de articulación técnico-institucional.,Preparación de agenda; convocatoria formal; presentación del alcance; mapa de competencias; compromisos; acta y seguimiento.,Alcance del EOT; fases; cronograma anual; competencias; información requerida; canales oficiales; responsables institucionales.,Mes 1 – Semana 1,3 h,Alcaldía de Guatavita – Secretaría de Planeación e Infraestructura / equipo formulador del EOT,Enlaces técnicos nacionales y Secretaría General municipal,Entidades articuladas desde el inicio y responsabilidades claras para acompañar el proceso.,Acta de instalación; directorio de enlaces; matriz inicial de requerimientos y compromisos.,18,0.8,"$1,800,000",Recursos municipales del EOT + apoyo institucional en especie,1800000
Nacional,"Entidades nacionales productoras de cartografía, estadística e información ambiental, rural y de riesgo.",IGAC; DANE; IDEAM; SGC; UPRA; ANT; UNGRD; MinAmbiente; MinVivienda; DNP.,"Inventario, trazabilidad y disponibilidad de información territorial oficial","Consolidar la oferta de información oficial, establecer su vigencia y detectar vacíos que deban gestionarse.","Matriz nacional de solicitud, control e intercambio de información.",Inventario; revisión de metadatos; clasificación por componente; evaluación de escala/vigencia; identificación de faltantes; plan de solicitudes.,Cartografía base; catastro; población; clima; geología; suelos; aptitud; amenaza/riesgo; normativa; vivienda y hábitat.,Mes 2 – Semana 1,3 h,Alcaldía de Guatavita – Secretaría de Planeación e Infraestructura / equipo formulador del EOT,Equipo SIG y documental del EOT,Base oficial identificada y vacíos de información documentados antes del diagnóstico.,Matriz nacional de información; plan de solicitudes; registro de disponibilidad y restricciones.,16,0.8,"$1,400,000",Recursos municipales del EOT,1400000
Nacional,Equipos técnicos y administradores de información de entidades nacionales.,IGAC; DANE; IDEAM; SGC; UPRA; ANT; DNP; MinAmbiente; MinVivienda.,"Estandarización de insumos, metadatos e interoperabilidad territorial",Definir criterios homogéneos para integrar la información temática y geográfica utilizada durante el EOT.,Laboratorio técnico de interoperabilidad y protocolo de gestión documental/SIG.,Revisión de formatos; sistema de referencia; nomenclatura; escalas; metadatos; estructura de carpetas; control de versiones; protocolo de actualización.,MAGNA-SIRGAS; calidad geométrica; temporalidad; trazabilidad; metadatos; formatos vector/raster; nomenclatura de capas.,Mes 2 – Semana 2,4 h,Alcaldía de Guatavita – Secretaría de Planeación e Infraestructura / equipo formulador del EOT,Equipo SIG del EOT,Información compatible y trazable para reducir errores y duplicidades durante el diagnóstico.,Protocolo SIG/documental; catálogo de datos; estructura de repositorio y control de versiones.,14,0.8,"$1,800,000",Recursos municipales del EOT,1800000
Regional,"Entidades regionales con incidencia ambiental, catastral, vial, productiva, económica y de riesgo.",CAR Cundinamarca; Gobernación; Planeación departamental; Agencia Catastral; ICCU; Gestión del Riesgo; Corpoguavio; Cámara de Comercio; FEDEPAPA; universidades.,Articulación supramunicipal y reconocimiento de determinantes territoriales,Identificar determinantes y proyectos regionales que condicionan o complementan las decisiones del EOT.,Mesa técnica regional de articulación territorial.,Presentación territorial; revisión de determinantes; identificación de proyectos; relaciones con municipios vecinos; priorización de temas supramunicipales.,POMCA; áreas protegidas; conectividad ecológica; red vial; movilidad; catastro; infraestructura; cadenas productivas; turismo regional.,Mes 1 – Semana 2,4 h,Alcaldía de Guatavita – Secretaría de Planeación e Infraestructura / equipo formulador del EOT,CAR y Gobernación de Cundinamarca,Determinantes y proyectos regionales reconocidos antes de iniciar el diagnóstico.,Matriz de determinantes y proyectos regionales; acta de coordinación.,22,0.75,"$1,800,000",Recursos municipales + apoyo técnico CAR/Gobernación,1800000
Regional,Entidades regionales productoras de información y universidades con estudios territoriales.,CAR; Gobernación; Agencia Catastral; ICCU; Ambiente; Movilidad; Gestión del Riesgo; Cámara de Comercio; UDEC; UMNG.,"Consolidación de insumos cartográficos, ambientales y funcionales regionales",Consolidar en un único banco los insumos regionales requeridos para caracterizar Guatavita.,Banco regional de información territorial.,Recepción de insumos; depuración; clasificación; evaluación de cobertura; control de vigencia; identificación de inconsistencias; registro en repositorio.,Información ambiental; vial; catastral; socioeconómica; productiva; riesgo; infraestructura; proyectos departamentales.,Mes 2 – Semana 2,3 h,Alcaldía de Guatavita – Secretaría de Planeación e Infraestructura / equipo formulador del EOT,Equipo SIG + enlaces regionales,Información regional organizada y lista para integrarse al diagnóstico municipal.,Banco regional de información; matriz de calidad y pertinencia.,20,0.75,"$1,500,000",Recursos municipales + cooperación institucional,1500000
Regional,Entidades regionales y municipios con asuntos territoriales compartidos con Guatavita.,CAR; Gobernación; Corpoguavio; Planeación departamental; ICCU; municipios vecinos; Cámara de Comercio.,Definición de agenda supramunicipal y rutas de coordinación regional,Priorizar temas que requieren coordinación más allá del límite municipal y definir mecanismos de gestión conjunta.,Mesa de agenda supramunicipal y matriz de corresponsabilidad territorial.,Identificación de asuntos comunes; priorización; definición de responsables; cronograma de coordinación; mecanismos de intercambio; acuerdos preliminares.,Cuencas; vías; transporte; turismo; servicios ecosistémicos; conectividad ambiental; riesgo; actividad económica regional.,Mes 2 – Semana 3,4 h,Alcaldía de Guatavita – Secretaría de Planeación e Infraestructura / equipo formulador del EOT,Gobernación / CAR,Agenda regional priorizada y rutas claras de coordinación para las fases posteriores.,Agenda supramunicipal; matriz de corresponsabilidad y calendario de coordinación.,20,0.75,"$2,100,000",Recursos municipales + cofinanciación/gestión regional,2100000
Local,"Administración municipal, organizaciones comunitarias, productivas, educativas, prestadores de servicios y ciudadanía.",Alcaldía; Planeación; Desarrollo Económico y Ambiental; Hacienda; Cultura y Turismo; CMGRD; Concejo; Personería; EMSERGUATAVITA; CTP; ASOJUNTAS; JAC; acueductos; productores; comerciantes; instituciones educativas.,Reconocimiento territorial y vinculación de actores locales,Socializar el proceso y actualizar el mapa de actores con representación urbana y rural.,Encuentro urbano-veredal preparatorio.,Convocatoria amplia; presentación del EOT; identificación de actores faltantes; registro de expectativas; definición de canales de contacto.,Qué es el EOT; etapas; decisiones; participación; expectativas; conflictos percibidos; representación veredal.,Mes 1 – Semana 3,4 h,Alcaldía de Guatavita – Secretaría de Planeación e Infraestructura / equipo formulador del EOT,"CTP, ASOJUNTAS y Personería","Actores locales informados, vinculados y con canales de participación definidos.",Mapa de actores actualizado; listado de representantes; matriz de expectativas.,70,0.7,"$2,400,000",Recursos municipales de participación/EOT,2400000
Local,"JAC, ASOJUNTAS, propietarios, productores, acueductos, comerciantes, turismo y comunidad urbana/rural.",JAC urbanas y veredales; ASOJUNTAS; acueductos; asociaciones productivas; clubes/operadores turísticos; propietarios rurales; comerciantes.,"Identificación preliminar de conflictos, potencialidades y unidades territoriales estratégicas",Recoger conocimiento territorial local y localizar problemáticas y valores estratégicos antes del diagnóstico técnico.,Cartografía social preliminar y mesas territoriales.,Tres mesas zonales; trabajo sobre mapas; priorización de problemas; georreferenciación; registro fotográfico; síntesis por sector.,Agua; vías; servicios; riesgo; producción; turismo; patrimonio; equipamientos; áreas ambientales; conflictos de uso.,Mes 2 – Semana 2,9 h,Alcaldía de Guatavita – Secretaría de Planeación e Infraestructura / equipo formulador del EOT,"Equipo SIG, JAC y ASOJUNTAS",Lectura preliminar compartida del territorio y localización de asuntos prioritarios.,"Tres mapas sociales; matriz de conflictos, necesidades y potencialidades.",90,0.65,"$3,100,000",Recursos municipales de participación/EOT,3100000
Local,Grupos poblacionales con condiciones y necesidades diferenciadas.,Mujeres rurales; jóvenes; personas mayores; personas con discapacidad y cuidadores; hogares vulnerables; campesinos y pequeños productores.,Caracterización diferencial de necesidades y barreras de participación territorial,Incorporar barreras y necesidades de grupos que pueden quedar subrepresentados en espacios generales.,Encuentros diferenciales y fichas de necesidades territoriales.,Convocatoria focalizada; dos encuentros; identificación de barreras; priorización de necesidades; medidas de accesibilidad; devolución.,Accesibilidad; movilidad; servicios; vivienda; seguridad; cuidado; empleo; conectividad; participación; uso del espacio público.,Mes 2 – Semana 3,6 h,Alcaldía de Guatavita – Secretaría de Planeación e Infraestructura / equipo formulador del EOT,"Personería, CTP y enlaces sociales municipales",Necesidades diferenciales incorporadas al diseño participativo del EOT.,Matriz de necesidades diferenciales; recomendaciones de accesibilidad.,45,0.7,"$2,500,000",Recursos municipales de participación social/EOT,2500000
Local,Población urbana y rural y organizaciones que requieren información continua del proceso.,JAC; ASOJUNTAS; instituciones educativas; comerciantes; asociaciones productivas; medios/redes locales; ciudadanía.,Diseño y activación del plan de comunicaciones y canales permanentes de participación,"Garantizar información continua, trazable y accesible durante todo el año de formulación del EOT.",Estrategia multicanal de comunicación territorial y buzón ciudadano.,Diseño de identidad y mensajes; calendario; habilitación de canales; protocolo de respuesta; piezas informativas; seguimiento mensual.,Divulgación; convocatorias; avances; preguntas frecuentes; recepción de observaciones; trazabilidad de respuestas.,Mes 2 – Semana 4 (activación) + transversal,3 h,Alcaldía de Guatavita – Secretaría de Planeación e Infraestructura / equipo formulador del EOT,Oficina de comunicaciones/Cultura y enlaces comunitarios,Sistema permanente de información y recepción de aportes ciudadano activo.,Plan de comunicaciones; calendario; mínimo tres canales habilitados; protocolo de respuesta.,120,0.5,"$2,400,000",Recursos municipales de comunicaciones/EOT,2400000
